-- phpMyAdmin SQL Dump
-- version 4.1.14
-- http://www.phpmyadmin.net
--
-- Host: 127.0.0.1
-- Generation Time: Mar 19, 2016 at 05:46 AM
-- Server version: 5.6.17
-- PHP Version: 5.5.12

SET SQL_MODE = "NO_AUTO_VALUE_ON_ZERO";
SET time_zone = "+00:00";

--
-- Database: `laravel-app`
--

USE `laravel-app`;


--
-- Dumping data for table `account_status`
--

INSERT INTO `account_status` (`account_status_id`, `account_status_name`) VALUES
(1, 'Created'),
(2, 'Confirmed'),
(3, 'Desacivated'),
(4, 'Deleted');


--
-- Dumping data for table `country`
--

INSERT INTO `country` (`country_id`, `country_code`, `country_name`, `country_flag`) VALUES
(1, 'US', 'United States', NULL),
(2, 'CA', 'Canada', NULL),
(3, 'AF', 'Afghanistan', NULL),
(4, 'AL', 'Albania', NULL),
(5, 'DZ', 'Algeria', NULL),
(6, 'DS', 'American Samoa', NULL),
(7, 'AD', 'Andorra', NULL),
(8, 'AO', 'Angola', NULL),
(9, 'AI', 'Anguilla', NULL),
(10, 'AQ', 'Antarctica', NULL),
(11, 'AG', 'Antigua and/or Barbuda', NULL),
(12, 'AR', 'Argentina', NULL),
(13, 'AM', 'Armenia', NULL),
(14, 'AW', 'Aruba', NULL),
(15, 'AU', 'Australia', NULL),
(16, 'AT', 'Austria', NULL),
(17, 'AZ', 'Azerbaijan', NULL),
(18, 'BS', 'Bahamas', NULL),
(19, 'BH', 'Bahrain', NULL),
(20, 'BD', 'Bangladesh', NULL),
(21, 'BB', 'Barbados', NULL),
(22, 'BY', 'Belarus', NULL),
(23, 'BE', 'Belgium', NULL),
(24, 'BZ', 'Belize', NULL),
(25, 'BJ', 'Benin', NULL),
(26, 'BM', 'Bermuda', NULL),
(27, 'BT', 'Bhutan', NULL),
(28, 'BO', 'Bolivia', NULL),
(29, 'BA', 'Bosnia and Herzegovina', NULL),
(30, 'BW', 'Botswana', NULL),
(31, 'BV', 'Bouvet Island', NULL),
(32, 'BR', 'Brazil', NULL),
(33, 'IO', 'British lndian Ocean Territory', NULL),
(34, 'BN', 'Brunei Darussalam', NULL),
(35, 'BG', 'Bulgaria', NULL),
(36, 'BF', 'Burkina Faso', NULL),
(37, 'BI', 'Burundi', NULL),
(38, 'KH', 'Cambodia', NULL),
(39, 'CM', 'Cameroon', NULL),
(40, 'CV', 'Cape Verde', NULL),
(41, 'KY', 'Cayman Islands', NULL),
(42, 'CF', 'Central African Republic', NULL),
(43, 'TD', 'Chad', NULL),
(44, 'CL', 'Chile', NULL),
(45, 'CN', 'China', NULL),
(46, 'CX', 'Christmas Island', NULL),
(47, 'CC', 'Cocos (Keeling) Islands', NULL),
(48, 'CO', 'Colombia', NULL),
(49, 'KM', 'Comoros', NULL),
(50, 'CG', 'Congo', NULL),
(51, 'CK', 'Cook Islands', NULL),
(52, 'CR', 'Costa Rica', NULL),
(53, 'HR', 'Croatia (Hrvatska)', NULL),
(54, 'CU', 'Cuba', NULL),
(55, 'CY', 'Cyprus', NULL),
(56, 'CZ', 'Czech Republic', NULL),
(57, 'DK', 'Denmark', NULL),
(58, 'DJ', 'Djibouti', NULL),
(59, 'DM', 'Dominica', NULL),
(60, 'DO', 'Dominican Republic', NULL),
(61, 'TP', 'East Timor', NULL),
(62, 'EC', 'Ecuador', NULL),
(63, 'EG', 'Egypt', NULL),
(64, 'SV', 'El Salvador', NULL),
(65, 'GQ', 'Equatorial Guinea', NULL),
(66, 'ER', 'Eritrea', NULL),
(67, 'EE', 'Estonia', NULL),
(68, 'ET', 'Ethiopia', NULL),
(69, 'FK', 'Falkland Islands (Malvinas)', NULL),
(70, 'FO', 'Faroe Islands', NULL),
(71, 'FJ', 'Fiji', NULL),
(72, 'FI', 'Finland', NULL),
(73, 'FR', 'France', NULL),
(74, 'FX', 'France, Metropolitan', NULL),
(75, 'GF', 'French Guiana', NULL),
(76, 'PF', 'French Polynesia', NULL),
(77, 'TF', 'French Southern Territories', NULL),
(78, 'GA', 'Gabon', NULL),
(79, 'GM', 'Gambia', NULL),
(80, 'GE', 'Georgia', NULL),
(81, 'DE', 'Germany', NULL),
(82, 'GH', 'Ghana', NULL),
(83, 'GI', 'Gibraltar', NULL),
(84, 'GR', 'Greece', NULL),
(85, 'GL', 'Greenland', NULL),
(86, 'GD', 'Grenada', NULL),
(87, 'GP', 'Guadeloupe', NULL),
(88, 'GU', 'Guam', NULL),
(89, 'GT', 'Guatemala', NULL),
(90, 'GN', 'Guinea', NULL),
(91, 'GW', 'Guinea-Bissau', NULL),
(92, 'GY', 'Guyana', NULL),
(93, 'HT', 'Haiti', NULL),
(94, 'HM', 'Heard and Mc Donald Islands', NULL),
(95, 'HN', 'Honduras', NULL),
(96, 'HK', 'Hong Kong', NULL),
(97, 'HU', 'Hungary', NULL),
(98, 'IS', 'Iceland', NULL),
(99, 'IN', 'India', NULL),
(100, 'ID', 'Indonesia', NULL),
(101, 'IR', 'Iran (Islamic Republic of)', NULL),
(102, 'IQ', 'Iraq', NULL),
(103, 'IE', 'Ireland', NULL),
(104, 'IL', 'Israel', NULL),
(105, 'IT', 'Italy', NULL),
(106, 'CI', 'Ivory Coast', NULL),
(107, 'JM', 'Jamaica', NULL),
(108, 'JP', 'Japan', NULL),
(109, 'JO', 'Jordan', NULL),
(110, 'KZ', 'Kazakhstan', NULL),
(111, 'KE', 'Kenya', NULL),
(112, 'KI', 'Kiribati', NULL),
(113, 'KP', 'Korea, Democratic People''s Republic of', NULL),
(114, 'KR', 'Korea, Republic of', NULL),
(115, 'XK', 'Kosovo', NULL),
(116, 'KW', 'Kuwait', NULL),
(117, 'KG', 'Kyrgyzstan', NULL),
(118, 'LA', 'Lao People''s Democratic Republic', NULL),
(119, 'LV', 'Latvia', NULL),
(120, 'LB', 'Lebanon', NULL),
(121, 'LS', 'Lesotho', NULL),
(122, 'LR', 'Liberia', NULL),
(123, 'LY', 'Libyan Arab Jamahiriya', NULL),
(124, 'LI', 'Liechtenstein', NULL),
(125, 'LT', 'Lithuania', NULL),
(126, 'LU', 'Luxembourg', NULL),
(127, 'MO', 'Macau', NULL),
(128, 'MK', 'Macedonia', NULL),
(129, 'MG', 'Madagascar', NULL),
(130, 'MW', 'Malawi', NULL),
(131, 'MY', 'Malaysia', NULL),
(132, 'MV', 'Maldives', NULL),
(133, 'ML', 'Mali', NULL),
(134, 'MT', 'Malta', NULL),
(135, 'MH', 'Marshall Islands', NULL),
(136, 'MQ', 'Martinique', NULL),
(137, 'MR', 'Mauritania', NULL),
(138, 'MU', 'Mauritius', NULL),
(139, 'TY', 'Mayotte', NULL),
(140, 'MX', 'Mexico', NULL),
(141, 'FM', 'Micronesia, Federated States of', NULL),
(142, 'MD', 'Moldova, Republic of', NULL),
(143, 'MC', 'Monaco', NULL),
(144, 'MN', 'Mongolia', NULL),
(145, 'ME', 'Montenegro', NULL),
(146, 'MS', 'Montserrat', NULL),
(147, 'MA', 'Morocco', NULL),
(148, 'MZ', 'Mozambique', NULL),
(149, 'MM', 'Myanmar', NULL),
(150, 'NA', 'Namibia', NULL),
(151, 'NR', 'Nauru', NULL),
(152, 'NP', 'Nepal', NULL),
(153, 'NL', 'Netherlands', NULL),
(154, 'AN', 'Netherlands Antilles', NULL),
(155, 'NC', 'New Caledonia', NULL),
(156, 'NZ', 'New Zealand', NULL),
(157, 'NI', 'Nicaragua', NULL),
(158, 'NE', 'Niger', NULL),
(159, 'NG', 'Nigeria', NULL),
(160, 'NU', 'Niue', NULL),
(161, 'NF', 'Norfork Island', NULL),
(162, 'MP', 'Northern Mariana Islands', NULL),
(163, 'NO', 'Norway', NULL),
(164, 'OM', 'Oman', NULL),
(165, 'PK', 'Pakistan', NULL),
(166, 'PW', 'Palau', NULL),
(167, 'PA', 'Panama', NULL),
(168, 'PG', 'Papua New Guinea', NULL),
(169, 'PY', 'Paraguay', NULL),
(170, 'PE', 'Peru', NULL),
(171, 'PH', 'Philippines', NULL),
(172, 'PN', 'Pitcairn', NULL),
(173, 'PL', 'Poland', NULL),
(174, 'PT', 'Portugal', NULL),
(175, 'PR', 'Puerto Rico', NULL),
(176, 'QA', 'Qatar', NULL),
(177, 'RE', 'Reunion', NULL),
(178, 'RO', 'Romania', NULL),
(179, 'RU', 'Russian Federation', NULL),
(180, 'RW', 'Rwanda', NULL),
(181, 'KN', 'Saint Kitts and Nevis', NULL),
(182, 'LC', 'Saint Lucia', NULL),
(183, 'VC', 'Saint Vincent and the Grenadines', NULL),
(184, 'WS', 'Samoa', NULL),
(185, 'SM', 'San Marino', NULL),
(186, 'ST', 'Sao Tome and Principe', NULL),
(187, 'SA', 'Saudi Arabia', NULL),
(188, 'SN', 'Senegal', NULL),
(189, 'RS', 'Serbia', NULL),
(190, 'SC', 'Seychelles', NULL),
(191, 'SL', 'Sierra Leone', NULL),
(192, 'SG', 'Singapore', NULL),
(193, 'SK', 'Slovakia', NULL),
(194, 'SI', 'Slovenia', NULL),
(195, 'SB', 'Solomon Islands', NULL),
(196, 'SO', 'Somalia', NULL),
(197, 'ZA', 'South Africa', NULL),
(198, 'GS', 'South Georgia South Sandwich Islands', NULL),
(199, 'ES', 'Spain', NULL),
(200, 'LK', 'Sri Lanka', NULL),
(201, 'SH', 'St. Helena', NULL),
(202, 'PM', 'St. Pierre and Miquelon', NULL),
(203, 'SD', 'Sudan', NULL),
(204, 'SR', 'Suriname', NULL),
(205, 'SJ', 'Svalbarn and Jan Mayen Islands', NULL),
(206, 'SZ', 'Swaziland', NULL),
(207, 'SE', 'Sweden', NULL),
(208, 'CH', 'Switzerland', NULL),
(209, 'SY', 'Syrian Arab Republic', NULL),
(210, 'TW', 'Taiwan', NULL),
(211, 'TJ', 'Tajikistan', NULL),
(212, 'TZ', 'Tanzania, United Republic of', NULL),
(213, 'TH', 'Thailand', NULL),
(214, 'TG', 'Togo', NULL),
(215, 'TK', 'Tokelau', NULL),
(216, 'TO', 'Tonga', NULL),
(217, 'TT', 'Trinidad and Tobago', NULL),
(218, 'TN', 'Tunisia', NULL),
(219, 'TR', 'Turkey', NULL),
(220, 'TM', 'Turkmenistan', NULL),
(221, 'TC', 'Turks and Caicos Islands', NULL),
(222, 'TV', 'Tuvalu', NULL),
(223, 'UG', 'Uganda', NULL),
(224, 'UA', 'Ukraine', NULL),
(225, 'AE', 'United Arab Emirates', NULL),
(226, 'GB', 'United Kingdom', NULL),
(227, 'UM', 'United States minor outlying islands', NULL),
(228, 'UY', 'Uruguay', NULL),
(229, 'UZ', 'Uzbekistan', NULL),
(230, 'VU', 'Vanuatu', NULL),
(231, 'VA', 'Vatican City State', NULL),
(232, 'VE', 'Venezuela', NULL),
(233, 'VN', 'Vietnam', NULL),
(234, 'VG', 'Virgin Islands (British)', NULL),
(235, 'VI', 'Virgin Islands (U.S.)', NULL),
(236, 'WF', 'Wallis and Futuna Islands', NULL),
(237, 'EH', 'Western Sahara', NULL),
(238, 'YE', 'Yemen', NULL),
(239, 'YU', 'Yugoslavia', NULL),
(240, 'ZR', 'Zaire', NULL),
(241, 'ZM', 'Zambia', NULL),
(242, 'ZW', 'Zimbabwe', NULL);


--
-- Dumping data for table `states`
--


--
-- Dumping data for table `states`
--

INSERT INTO `states` (`states_id`, `states_name`, `states_code`, `country_id`) VALUES
(1, 'Alaska', 'AK', 1),
(2, 'Alabama', 'AL', 1),
(3, 'Arkansas', 'AR', 1),
(4, 'Arizona', 'AZ', 1),
(5, 'California', 'CA', 1),
(6, 'Colorado', 'CO', 1),
(7, 'Connecticut', 'CT', 1),
(8, 'District of Columbia', 'DC', 1),
(9, 'Delaware', 'DE', 1),
(10, 'Florida', 'FL', 1),
(11, 'Georgia', 'GA', 1),
(12, 'Hawaii', 'HI', 1),
(13, 'Iowa', 'IA', 1),
(14, 'Idaho', 'ID', 1),
(15, 'Illinois', 'IL', 1),
(16, 'Indiana', 'IN', 1),
(17, 'Kansas', 'KS', 1),
(18, 'Kentucky', 'KY', 1),
(19, 'Louisiana', 'LA', 1),
(20, 'Massachusetts', 'MA', 1),
(21, 'Maryland', 'MD', 1),
(22, 'Maine', 'ME', 1),
(23, 'Michigan', 'MI', 1),
(24, 'Minnesota', 'MN', 1),
(25, 'Missouri', 'MO', 1),
(26, 'Mississippi', 'MS', 1),
(27, 'Montana', 'MT', 1),
(28, 'North Carolina', 'NC', 1),
(29, 'North Dakota', 'ND', 1),
(30, 'Nebraska', 'NE', 1),
(31, 'New Hampshire', 'NH', 1),
(32, 'New Jersey', 'NJ', 1),
(33, 'New Mexico', 'NM', 1),
(34, 'Nevada', 'NV', 1),
(35, 'New York', 'NY', 1),
(36, 'Ohio', 'OH', 1),
(37, 'Oklahoma', 'OK', 1),
(38, 'Oregon', 'OR', 1),
(39, 'Pennsylvania', 'PA', 1),
(40, 'Rhode Island', 'RI', 1),
(41, 'South Carolina', 'SC', 1),
(42, 'South Dakota', 'SD', 1),
(43, 'Tennessee', 'TN', 1),
(44, 'Texas', 'TX', 1),
(45, 'Utah', 'UT', 1),
(46, 'Virginia', 'VA', 1),
(47, 'Vermont', 'VT', 1),
(48, 'Washington', 'WA', 1),
(49, 'Wisconsin', 'WI', 1),
(50, 'West Virginia', 'WV', 1),
(51, 'Wyoming', 'WY', 1),
(52, 'Alberta', 'AB', 2),
(53, 'British Columbia', 'BC', 2),
(54, 'Manitoba', 'MB', 2),
(55, 'New Brunswick', 'NB', 2),
(56, 'Newfoundland and Labrador', 'NL', 2),
(57, 'Northwest Territories', 'NT', 2),
(58, 'Nova Scotia', 'NS', 2),
(59, 'Nunavut', 'NU', 2),
(60, 'Ontario', 'ON', 2),
(61, 'Prince Edward Island', 'PE', 2),
(62, 'Quebec', 'QC', 2),
(63, 'Saskatchewan', 'SK', 2),
(64, 'Yukon', 'YT', 2),
(65, 'Acre', 'AC', 32),
(66, 'Alagoas', 'AL', 32),
(67, 'Amapá', 'AP', 32),
(68, 'Amazonas', 'AM', 32),
(69, 'Bahia', 'BA', 32),
(70, 'Ceará', 'CE', 32),
(71, 'Distrito Federal', 'DF', 32),
(72, 'Espírito Santo', 'ES', 32),
(73, 'Goiás', 'GO', 32),
(74, 'Maranhão', 'MA', 32),
(75, 'Mato Grosso', 'MT', 32),
(76, 'Mato Grosso do Sul', 'MS', 32),
(77, 'Minas Gerais', 'MG', 32),
(78, 'Pará', 'PA', 32),
(79, 'Paraíba', 'PB', 32),
(80, 'Paraná', 'PR', 32),
(81, 'Pernambuco', 'PE', 32),
(82, 'Piauí', 'PI', 32),
(83, 'Rio de Janeiro', 'RJ', 32),
(84, 'Rio Grande do Norte', 'RN', 32),
(85, 'Rio Grande do Sul', 'RS', 32),
(86, 'Rondônia', 'RO', 32),
(87, 'Roraima', 'RR', 32),
(88, 'Santa Catarina', 'SC', 32),
(89, 'São Paulo', 'SP', 32),
(90, 'Sergipe', 'SE', 32),
(91, 'Tocantins', 'TO', 32);


